state_noise,coupling_noise,combined_noise_radius,trial_count,count_topology_only_memory_survived,p_topology_only_memory_survived,count_partial_topology_memory,p_partial_topology_memory,count_mixed_or_weak_memory,p_mixed_or_weak_memory,count_memory_erased,p_memory_erased,dominant_state,dominant_probability,transition_entropy,transition_entropy_norm,degradation_index,survival_mass,erasure_mass,ambiguous_mass
0.0,0.0,0.0,150,150,1.0,0,0.0,0,0.0,0,0.0,topology_only_memory_survived,1.0,-0.0,-0.0,0.0,1.0,0.0,0.0
0.0,0.001,0.001,150,40,0.26666666666666666,54,0.36,34,0.22666666666666666,22,0.14666666666666667,partial_topology_memory,0.36,1.3382385708305178,0.965335074831761,0.4177777777777778,0.6266666666666667,0.14666666666666667,0.5866666666666667
0.0,0.005,0.005,150,39,0.26,53,0.35333333333333333,34,0.22666666666666666,24,0.16,partial_topology_memory,0.35333333333333333,1.3474757915454636,0.9719983210902855,0.4288888888888889,0.6133333333333333,0.16,0.58
0.0,0.01,0.01,150,54,0.36,52,0.3466666666666667,25,0.16666666666666666,19,0.12666666666666668,topology_only_memory_survived,0.36,1.295394973385773,0.9344299520480728,0.3533333333333333,0.7066666666666667,0.12666666666666668,0.5133333333333333
0.0,0.025,0.025,150,48,0.32,56,0.37333333333333335,30,0.2,16,0.10666666666666667,partial_topology_memory,0.37333333333333335,1.293070732693267,0.9327533667876174,0.3644444444444445,0.6933333333333334,0.10666666666666667,0.5733333333333334
0.0,0.05,0.05,150,41,0.2733333333333333,64,0.4266666666666667,32,0.21333333333333335,13,0.08666666666666667,partial_topology_memory,0.4266666666666667,1.2594828767196766,0.9085248501640216,0.3711111111111111,0.7,0.08666666666666667,0.64
0.0,0.1,0.1,150,45,0.3,41,0.2733333333333333,34,0.22666666666666666,30,0.2,topology_only_memory_survived,0.3,1.3740456536872214,0.9911644252647942,0.4422222222222223,0.5733333333333333,0.2,0.5
0.0,0.2,0.2,150,29,0.19333333333333333,56,0.37333333333333335,39,0.26,26,0.17333333333333334,partial_topology_memory,0.37333333333333335,1.33956404117365,0.9662911995772021,0.4711111111111111,0.5666666666666667,0.17333333333333334,0.6333333333333333
0.001,0.0,0.001,150,150,1.0,0,0.0,0,0.0,0,0.0,topology_only_memory_survived,1.0,-0.0,-0.0,0.0,1.0,0.0,0.0
0.001,0.001,0.001414213562373095,150,40,0.26666666666666666,49,0.32666666666666666,36,0.24,25,0.16666666666666666,partial_topology_memory,0.32666666666666666,1.3590822929089015,0.9803706420698369,0.43555555555555553,0.5933333333333333,0.16666666666666666,0.5666666666666667
0.001,0.005,0.005099019513592785,150,49,0.32666666666666666,52,0.3466666666666667,24,0.16,25,0.16666666666666666,partial_topology_memory,0.3466666666666667,1.3245749239381848,0.9554788370257475,0.3888888888888889,0.6733333333333333,0.16666666666666666,0.5066666666666667
0.001,0.01,0.01004987562112089,150,41,0.2733333333333333,49,0.32666666666666666,37,0.24666666666666667,23,0.15333333333333332,partial_topology_memory,0.32666666666666666,1.3527954335862284,0.9758356316860435,0.42666666666666675,0.6,0.15333333333333332,0.5733333333333334
0.001,0.025,0.02501999200639361,150,43,0.2866666666666667,50,0.3333333333333333,27,0.18,30,0.2,partial_topology_memory,0.3333333333333333,1.3549268135748422,0.977373097355955,0.43111111111111106,0.62,0.2,0.5133333333333333
0.001,0.05,0.05000999900019996,150,42,0.28,53,0.35333333333333333,29,0.19333333333333333,26,0.17333333333333334,partial_topology_memory,0.35333333333333333,1.345504064467388,0.9705760206515224,0.41999999999999993,0.6333333333333333,0.17333333333333334,0.5466666666666666
0.001,0.1,0.10000499987500626,150,42,0.28,48,0.32,37,0.24666666666666667,23,0.15333333333333332,partial_topology_memory,0.32,1.3538346125916758,0.9765852408849208,0.42444444444444446,0.6000000000000001,0.15333333333333332,0.5666666666666667
0.001,0.2,0.20000249998437522,150,27,0.18,61,0.4066666666666667,29,0.19333333333333333,33,0.22,partial_topology_memory,0.4066666666666667,1.3253870961316527,0.9560646954236797,0.4844444444444444,0.5866666666666667,0.22,0.6
0.005,0.0,0.005,150,150,1.0,0,0.0,0,0.0,0,0.0,topology_only_memory_survived,1.0,-0.0,-0.0,0.0,1.0,0.0,0.0
0.005,0.001,0.005099019513592785,150,54,0.36,42,0.28,30,0.2,24,0.16,topology_only_memory_survived,0.36,1.3393254550256717,0.9661190960509455,0.38666666666666666,0.64,0.16,0.48000000000000004
0.005,0.005,0.007071067811865475,150,50,0.3333333333333333,49,0.32666666666666666,33,0.22,18,0.12,topology_only_memory_survived,0.3333333333333333,1.3192233871005703,0.9516185191973671,0.3755555555555556,0.6599999999999999,0.12,0.5466666666666666
0.005,0.01,0.011180339887498949,150,52,0.3466666666666667,46,0.30666666666666664,33,0.22,19,0.12666666666666668,topology_only_memory_survived,0.3466666666666667,1.324560175847664,0.9554681985272191,0.3755555555555556,0.6533333333333333,0.12666666666666668,0.5266666666666666
0.005,0.025,0.025495097567963927,150,54,0.36,51,0.34,27,0.18,18,0.12,topology_only_memory_survived,0.36,1.297685075378527,0.9360819114421108,0.3533333333333333,0.7,0.12,0.52
0.005,0.05,0.05024937810560445,150,44,0.29333333333333333,57,0.38,25,0.16666666666666666,24,0.16,partial_topology_memory,0.38,1.3192789360360653,0.9516585892842497,0.39777777777777773,0.6733333333333333,0.16,0.5466666666666666
0.005,0.1,0.10012492197250394,150,41,0.2733333333333333,51,0.34,37,0.24666666666666667,21,0.14,partial_topology_memory,0.34,1.341845321003953,0.9679367951262311,0.4177777777777778,0.6133333333333333,0.14,0.5866666666666667
0.005,0.2,0.2000624902374256,150,31,0.20666666666666667,59,0.3933333333333333,28,0.18666666666666668,32,0.21333333333333335,partial_topology_memory,0.3933333333333333,1.335744709403096,0.9635361340747581,0.46888888888888886,0.6,0.21333333333333335,0.58
0.01,0.0,0.01,150,150,1.0,0,0.0,0,0.0,0,0.0,topology_only_memory_survived,1.0,-0.0,-0.0,0.0,1.0,0.0,0.0
0.01,0.001,0.01004987562112089,150,44,0.29333333333333333,46,0.30666666666666664,37,0.24666666666666667,23,0.15333333333333332,partial_topology_memory,0.30666666666666664,1.3550207749955316,0.9774408761937867,0.4200000000000001,0.6,0.15333333333333332,0.5533333333333333
0.01,0.005,0.011180339887498949,150,53,0.35333333333333333,48,0.32,25,0.16666666666666666,24,0.16,topology_only_memory_survived,0.35333333333333333,1.3240465774836097,0.9550977156208041,0.3777777777777777,0.6733333333333333,0.16,0.4866666666666667
0.01,0.01,0.01414213562373095,150,49,0.32666666666666666,52,0.3466666666666667,28,0.18666666666666668,21,0.14,partial_topology_memory,0.3466666666666667,1.321298191091239,0.9531151739114442,0.37999999999999995,0.6733333333333333,0.14,0.5333333333333333
0.01,0.025,0.026925824035672525,150,62,0.41333333333333333,48,0.32,26,0.17333333333333334,14,0.09333333333333334,topology_only_memory_survived,0.41333333333333333,1.2549200074326117,0.905233435717685,0.3155555555555556,0.7333333333333334,0.09333333333333334,0.49333333333333335
0.01,0.05,0.050990195135927854,150,43,0.2866666666666667,58,0.38666666666666666,33,0.22,16,0.10666666666666667,partial_topology_memory,0.38666666666666666,1.2974121696246166,0.9358850515532126,0.38222222222222224,0.6733333333333333,0.10666666666666667,0.6066666666666667
0.01,0.1,0.1004987562112089,150,32,0.21333333333333335,57,0.38,41,0.2733333333333333,20,0.13333333333333333,partial_topology_memory,0.38,1.320444818348809,0.9524995955996773,0.44222222222222224,0.5933333333333334,0.13333333333333333,0.6533333333333333
0.01,0.2,0.2002498439450079,150,30,0.2,62,0.41333333333333333,30,0.2,28,0.18666666666666668,partial_topology_memory,0.41333333333333333,1.3222626203800512,0.953810862587573,0.4577777777777778,0.6133333333333333,0.18666666666666668,0.6133333333333333
0.025,0.0,0.025,150,150,1.0,0,0.0,0,0.0,0,0.0,topology_only_memory_survived,1.0,-0.0,-0.0,0.0,1.0,0.0,0.0
0.025,0.001,0.02501999200639361,150,54,0.36,46,0.30666666666666664,37,0.24666666666666667,13,0.08666666666666667,topology_only_memory_survived,0.36,1.287495646310886,0.928731792049423,0.35333333333333333,0.6666666666666666,0.08666666666666667,0.5533333333333333
0.025,0.005,0.025495097567963927,150,45,0.3,49,0.32666666666666666,37,0.24666666666666667,19,0.12666666666666668,partial_topology_memory,0.32666666666666666,1.333653227302364,0.962027448647341,0.4000000000000001,0.6266666666666667,0.12666666666666668,0.5733333333333334
0.025,0.01,0.026925824035672525,150,50,0.3333333333333333,56,0.37333333333333335,26,0.17333333333333334,18,0.12,partial_topology_memory,0.37333333333333335,1.2922483168744878,0.9321601191759668,0.36000000000000004,0.7066666666666667,0.12,0.5466666666666666
0.025,0.025,0.03535533905932738,150,50,0.3333333333333333,59,0.3933333333333333,33,0.22,8,0.05333333333333334,partial_topology_memory,0.3933333333333333,1.222661018605074,0.8819634941148944,0.3311111111111111,0.7266666666666666,0.05333333333333334,0.6133333333333333
0.025,0.05,0.05590169943749475,150,42,0.28,44,0.29333333333333333,40,0.26666666666666666,24,0.16,partial_topology_memory,0.29333333333333333,1.361869041074835,0.9823808559494364,0.43555555555555553,0.5733333333333334,0.16,0.56
0.025,0.1,0.10307764064044153,150,37,0.24666666666666667,50,0.3333333333333333,34,0.22666666666666666,29,0.19333333333333333,partial_topology_memory,0.3333333333333333,1.3656156277909168,0.9850834469872122,0.45555555555555555,0.58,0.19333333333333333,0.5599999999999999
0.025,0.2,0.20155644370746376,150,25,0.16666666666666666,48,0.32,46,0.30666666666666664,31,0.20666666666666667,partial_topology_memory,0.32,1.3515642826107779,0.9749475439826094,0.5177777777777778,0.4866666666666667,0.20666666666666667,0.6266666666666667
0.05,0.0,0.05,150,150,1.0,0,0.0,0,0.0,0,0.0,topology_only_memory_survived,1.0,-0.0,-0.0,0.0,1.0,0.0,0.0
0.05,0.001,0.05000999900019996,150,46,0.30666666666666664,40,0.26666666666666666,43,0.2866666666666667,21,0.14,topology_only_memory_survived,0.30666666666666664,1.348373570295783,0.9726459315657362,0.4200000000000001,0.5733333333333333,0.14,0.5533333333333333
0.05,0.005,0.05024937810560445,150,46,0.30666666666666664,63,0.42,25,0.16666666666666666,16,0.10666666666666667,partial_topology_memory,0.42,1.2641799129048794,0.9119130455696556,0.3577777777777778,0.7266666666666666,0.10666666666666667,0.5866666666666667
0.05,0.01,0.050990195135927854,150,44,0.29333333333333333,48,0.32,34,0.22666666666666666,24,0.16,partial_topology_memory,0.32,1.3540250128877063,0.9767225856663543,0.4177777777777778,0.6133333333333333,0.16,0.5466666666666666
0.05,0.025,0.05590169943749475,150,42,0.28,50,0.3333333333333333,40,0.26666666666666666,18,0.12,partial_topology_memory,0.3333333333333333,1.3295343337896077,0.9590562950249395,0.40888888888888886,0.6133333333333333,0.12,0.6
0.05,0.05,0.07071067811865477,150,45,0.3,45,0.3,33,0.22,27,0.18,topology_only_memory_survived,0.3,1.364155500830659,0.984030188024896,0.4266666666666667,0.6,0.18,0.52
0.05,0.1,0.1118033988749895,150,38,0.25333333333333335,47,0.31333333333333335,35,0.23333333333333334,30,0.2,partial_topology_memory,0.31333333333333335,1.3729131944164588,0.9903475285778252,0.45999999999999996,0.5666666666666667,0.2,0.5466666666666666
0.05,0.2,0.20615528128088306,150,32,0.21333333333333335,51,0.34,44,0.29333333333333333,23,0.15333333333333332,partial_topology_memory,0.34,1.343652847314217,0.9692406497482783,0.46222222222222226,0.5533333333333333,0.15333333333333332,0.6333333333333333
0.1,0.0,0.1,150,150,1.0,0,0.0,0,0.0,0,0.0,topology_only_memory_survived,1.0,-0.0,-0.0,0.0,1.0,0.0,0.0
0.1,0.001,0.10000499987500626,150,43,0.2866666666666667,62,0.41333333333333333,32,0.21333333333333335,13,0.08666666666666667,partial_topology_memory,0.41333333333333333,1.264889778201522,0.9124251051412384,0.36666666666666664,0.7,0.08666666666666667,0.6266666666666667
0.1,0.005,0.10012492197250394,150,46,0.30666666666666664,44,0.29333333333333333,43,0.2866666666666667,17,0.11333333333333333,topology_only_memory_survived,0.30666666666666664,1.3271814277317178,0.9573590320742418,0.40222222222222226,0.6,0.11333333333333333,0.5800000000000001
0.1,0.01,0.1004987562112089,150,38,0.25333333333333335,60,0.4,32,0.21333333333333335,20,0.13333333333333333,partial_topology_memory,0.4,1.3125876796722573,0.9468318680975585,0.40888888888888886,0.6533333333333333,0.13333333333333333,0.6133333333333334
0.1,0.025,0.10307764064044153,150,42,0.28,48,0.32,31,0.20666666666666667,29,0.19333333333333333,partial_topology_memory,0.32,1.364602261428739,0.9843524576745533,0.4377777777777778,0.6000000000000001,0.19333333333333333,0.5266666666666666
0.1,0.05,0.1118033988749895,150,40,0.26666666666666666,63,0.42,26,0.17333333333333334,21,0.14,partial_topology_memory,0.42,1.2958476467097597,0.9347564868279019,0.3955555555555555,0.6866666666666666,0.14,0.5933333333333333
0.1,0.1,0.14142135623730953,150,38,0.25333333333333335,56,0.37333333333333335,41,0.2733333333333333,15,0.1,partial_topology_memory,0.37333333333333335,1.3004674507483838,0.9380889710161028,0.40666666666666657,0.6266666666666667,0.1,0.6466666666666667
0.1,0.2,0.223606797749979,150,38,0.25333333333333335,54,0.36,33,0.22,25,0.16666666666666666,partial_topology_memory,0.36,1.3473682425351068,0.9719207408783384,0.43333333333333335,0.6133333333333333,0.16666666666666666,0.58
0.2,0.0,0.2,150,150,1.0,0,0.0,0,0.0,0,0.0,topology_only_memory_survived,1.0,-0.0,-0.0,0.0,1.0,0.0,0.0
0.2,0.001,0.20000249998437522,150,38,0.25333333333333335,43,0.2866666666666667,42,0.28,27,0.18,partial_topology_memory,0.2866666666666667,1.3711046381332945,0.9890429309873804,0.46222222222222215,0.54,0.18,0.5666666666666667
0.2,0.005,0.2000624902374256,150,41,0.2733333333333333,51,0.34,31,0.20666666666666667,27,0.18,partial_topology_memory,0.34,1.3558302225964312,0.9780247692136254,0.43111111111111117,0.6133333333333333,0.18,0.5466666666666666
0.2,0.01,0.2002498439450079,150,50,0.3333333333333333,44,0.29333333333333333,34,0.22666666666666666,22,0.14666666666666667,topology_only_memory_survived,0.3333333333333333,1.3439373875986342,0.9694459021769092,0.3955555555555556,0.6266666666666667,0.14666666666666667,0.52
0.2,0.025,0.20155644370746376,150,45,0.3,53,0.35333333333333333,32,0.21333333333333335,20,0.13333333333333333,partial_topology_memory,0.35333333333333333,1.3270121086389364,0.9572368941664999,0.39333333333333337,0.6533333333333333,0.13333333333333333,0.5666666666666667
0.2,0.05,0.20615528128088306,150,40,0.26666666666666666,49,0.32666666666666666,38,0.25333333333333335,23,0.15333333333333332,partial_topology_memory,0.32666666666666666,1.3533085353765806,0.9762057563902495,0.43111111111111106,0.5933333333333333,0.15333333333333332,0.5800000000000001
0.2,0.1,0.223606797749979,150,40,0.26666666666666666,52,0.3466666666666667,34,0.22666666666666666,24,0.16,partial_topology_memory,0.3466666666666667,1.3493726187889767,0.9733665927191052,0.4266666666666667,0.6133333333333333,0.16,0.5733333333333334
0.2,0.2,0.28284271247461906,150,34,0.22666666666666666,48,0.32,40,0.26666666666666666,28,0.18666666666666668,partial_topology_memory,0.32,1.366829888696313,0.9859593510804924,0.4711111111111112,0.5466666666666666,0.18666666666666668,0.5866666666666667
