state_noise,coupling_noise,trial_count,observed_state_count,basin_entropy,basin_entropy_norm_observed,basin_entropy_norm_global,dominant_state,dominant_state_probability,p_memory_erased,p_mixed_or_weak_memory,p_partial_topology_memory,p_topology_only_memory_survived
0.0,0.0,150,1,-0.0,0.0,-0.0,topology_only_memory_survived,1.0,0.0,0.0,0.0,1.0
0.0,0.001,150,4,1.3382385708305178,0.965335074831761,0.965335074831761,partial_topology_memory,0.36,0.14666666666666667,0.22666666666666666,0.36,0.26666666666666666
0.0,0.005,150,4,1.3474757915454636,0.9719983210902855,0.9719983210902855,partial_topology_memory,0.35333333333333333,0.16,0.22666666666666666,0.35333333333333333,0.26
0.0,0.01,150,4,1.295394973385773,0.9344299520480728,0.9344299520480728,topology_only_memory_survived,0.36,0.12666666666666668,0.16666666666666666,0.3466666666666667,0.36
0.0,0.025,150,4,1.293070732693267,0.9327533667876174,0.9327533667876174,partial_topology_memory,0.37333333333333335,0.10666666666666667,0.2,0.37333333333333335,0.32
0.0,0.05,150,4,1.2594828767196766,0.9085248501640216,0.9085248501640216,partial_topology_memory,0.4266666666666667,0.08666666666666667,0.21333333333333335,0.4266666666666667,0.2733333333333333
0.0,0.1,150,4,1.3740456536872214,0.9911644252647942,0.9911644252647942,topology_only_memory_survived,0.3,0.2,0.22666666666666666,0.2733333333333333,0.3
0.0,0.2,150,4,1.33956404117365,0.9662911995772021,0.9662911995772021,partial_topology_memory,0.37333333333333335,0.17333333333333334,0.26,0.37333333333333335,0.19333333333333333
0.001,0.0,150,1,-0.0,0.0,-0.0,topology_only_memory_survived,1.0,0.0,0.0,0.0,1.0
0.001,0.001,150,4,1.3590822929089015,0.9803706420698369,0.9803706420698369,partial_topology_memory,0.32666666666666666,0.16666666666666666,0.24,0.32666666666666666,0.26666666666666666
0.001,0.005,150,4,1.3245749239381848,0.9554788370257475,0.9554788370257475,partial_topology_memory,0.3466666666666667,0.16666666666666666,0.16,0.3466666666666667,0.32666666666666666
0.001,0.01,150,4,1.3527954335862284,0.9758356316860435,0.9758356316860435,partial_topology_memory,0.32666666666666666,0.15333333333333332,0.24666666666666667,0.32666666666666666,0.2733333333333333
0.001,0.025,150,4,1.3549268135748422,0.977373097355955,0.977373097355955,partial_topology_memory,0.3333333333333333,0.2,0.18,0.3333333333333333,0.2866666666666667
0.001,0.05,150,4,1.345504064467388,0.9705760206515224,0.9705760206515224,partial_topology_memory,0.35333333333333333,0.17333333333333334,0.19333333333333333,0.35333333333333333,0.28
0.001,0.1,150,4,1.3538346125916758,0.9765852408849208,0.9765852408849208,partial_topology_memory,0.32,0.15333333333333332,0.24666666666666667,0.32,0.28
0.001,0.2,150,4,1.3253870961316525,0.9560646954236794,0.9560646954236794,partial_topology_memory,0.4066666666666667,0.22,0.19333333333333333,0.4066666666666667,0.18
0.005,0.0,150,1,-0.0,0.0,-0.0,topology_only_memory_survived,1.0,0.0,0.0,0.0,1.0
0.005,0.001,150,4,1.3393254550256717,0.9661190960509455,0.9661190960509455,topology_only_memory_survived,0.36,0.16,0.2,0.28,0.36
0.005,0.005,150,4,1.3192233871005703,0.9516185191973671,0.9516185191973671,topology_only_memory_survived,0.3333333333333333,0.12,0.22,0.32666666666666666,0.3333333333333333
0.005,0.01,150,4,1.324560175847664,0.9554681985272191,0.9554681985272191,topology_only_memory_survived,0.3466666666666667,0.12666666666666668,0.22,0.30666666666666664,0.3466666666666667
0.005,0.025,150,4,1.297685075378527,0.9360819114421108,0.9360819114421108,topology_only_memory_survived,0.36,0.12,0.18,0.34,0.36
0.005,0.05,150,4,1.3192789360360653,0.9516585892842497,0.9516585892842497,partial_topology_memory,0.38,0.16,0.16666666666666666,0.38,0.29333333333333333
0.005,0.1,150,4,1.341845321003953,0.9679367951262311,0.9679367951262311,partial_topology_memory,0.34,0.14,0.24666666666666667,0.34,0.2733333333333333
0.005,0.2,150,4,1.335744709403096,0.9635361340747581,0.9635361340747581,partial_topology_memory,0.3933333333333333,0.21333333333333335,0.18666666666666668,0.3933333333333333,0.20666666666666667
0.01,0.0,150,1,-0.0,0.0,-0.0,topology_only_memory_survived,1.0,0.0,0.0,0.0,1.0
0.01,0.001,150,4,1.3550207749955316,0.9774408761937867,0.9774408761937867,partial_topology_memory,0.30666666666666664,0.15333333333333332,0.24666666666666667,0.30666666666666664,0.29333333333333333
0.01,0.005,150,4,1.3240465774836097,0.9550977156208041,0.9550977156208041,topology_only_memory_survived,0.35333333333333333,0.16,0.16666666666666666,0.32,0.35333333333333333
0.01,0.01,150,4,1.321298191091239,0.9531151739114442,0.9531151739114442,partial_topology_memory,0.3466666666666667,0.14,0.18666666666666668,0.3466666666666667,0.32666666666666666
0.01,0.025,150,4,1.2549200074326117,0.905233435717685,0.905233435717685,topology_only_memory_survived,0.41333333333333333,0.09333333333333334,0.17333333333333334,0.32,0.41333333333333333
0.01,0.05,150,4,1.2974121696246166,0.9358850515532126,0.9358850515532126,partial_topology_memory,0.38666666666666666,0.10666666666666667,0.22,0.38666666666666666,0.2866666666666667
0.01,0.1,150,4,1.320444818348809,0.9524995955996773,0.9524995955996773,partial_topology_memory,0.38,0.13333333333333333,0.2733333333333333,0.38,0.21333333333333335
0.01,0.2,150,4,1.3222626203800512,0.953810862587573,0.953810862587573,partial_topology_memory,0.41333333333333333,0.18666666666666668,0.2,0.41333333333333333,0.2
0.025,0.0,150,1,-0.0,0.0,-0.0,topology_only_memory_survived,1.0,0.0,0.0,0.0,1.0
0.025,0.001,150,4,1.287495646310886,0.928731792049423,0.928731792049423,topology_only_memory_survived,0.36,0.08666666666666667,0.24666666666666667,0.30666666666666664,0.36
0.025,0.005,150,4,1.333653227302364,0.962027448647341,0.962027448647341,partial_topology_memory,0.32666666666666666,0.12666666666666668,0.24666666666666667,0.32666666666666666,0.3
0.025,0.01,150,4,1.2922483168744878,0.9321601191759668,0.9321601191759668,partial_topology_memory,0.37333333333333335,0.12,0.17333333333333334,0.37333333333333335,0.3333333333333333
0.025,0.025,150,4,1.222661018605074,0.8819634941148944,0.8819634941148944,partial_topology_memory,0.3933333333333333,0.05333333333333334,0.22,0.3933333333333333,0.3333333333333333
0.025,0.05,150,4,1.361869041074835,0.9823808559494364,0.9823808559494364,partial_topology_memory,0.29333333333333333,0.16,0.26666666666666666,0.29333333333333333,0.28
0.025,0.1,150,4,1.3656156277909168,0.9850834469872122,0.9850834469872122,partial_topology_memory,0.3333333333333333,0.19333333333333333,0.22666666666666666,0.3333333333333333,0.24666666666666667
0.025,0.2,150,4,1.3515642826107777,0.9749475439826092,0.9749475439826092,partial_topology_memory,0.32,0.20666666666666667,0.30666666666666664,0.32,0.16666666666666666
0.05,0.0,150,1,-0.0,0.0,-0.0,topology_only_memory_survived,1.0,0.0,0.0,0.0,1.0
0.05,0.001,150,4,1.348373570295783,0.9726459315657362,0.9726459315657362,topology_only_memory_survived,0.30666666666666664,0.14,0.2866666666666667,0.26666666666666666,0.30666666666666664
0.05,0.005,150,4,1.2641799129048794,0.9119130455696556,0.9119130455696556,partial_topology_memory,0.42,0.10666666666666667,0.16666666666666666,0.42,0.30666666666666664
0.05,0.01,150,4,1.3540250128877063,0.9767225856663543,0.9767225856663543,partial_topology_memory,0.32,0.16,0.22666666666666666,0.32,0.29333333333333333
0.05,0.025,150,4,1.3295343337896077,0.9590562950249395,0.9590562950249395,partial_topology_memory,0.3333333333333333,0.12,0.26666666666666666,0.3333333333333333,0.28
0.05,0.05,150,4,1.364155500830659,0.984030188024896,0.984030188024896,topology_only_memory_survived,0.3,0.18,0.22,0.3,0.3
0.05,0.1,150,4,1.3729131944164588,0.9903475285778252,0.9903475285778252,partial_topology_memory,0.31333333333333335,0.2,0.23333333333333334,0.31333333333333335,0.25333333333333335
0.05,0.2,150,4,1.343652847314217,0.9692406497482783,0.9692406497482783,partial_topology_memory,0.34,0.15333333333333332,0.29333333333333333,0.34,0.21333333333333335
0.1,0.0,150,1,-0.0,0.0,-0.0,topology_only_memory_survived,1.0,0.0,0.0,0.0,1.0
0.1,0.001,150,4,1.264889778201522,0.9124251051412384,0.9124251051412384,partial_topology_memory,0.41333333333333333,0.08666666666666667,0.21333333333333335,0.41333333333333333,0.2866666666666667
0.1,0.005,150,4,1.3271814277317178,0.9573590320742418,0.9573590320742418,topology_only_memory_survived,0.30666666666666664,0.11333333333333333,0.2866666666666667,0.29333333333333333,0.30666666666666664
0.1,0.01,150,4,1.3125876796722573,0.9468318680975585,0.9468318680975585,partial_topology_memory,0.4,0.13333333333333333,0.21333333333333335,0.4,0.25333333333333335
0.1,0.025,150,4,1.364602261428739,0.9843524576745533,0.9843524576745533,partial_topology_memory,0.32,0.19333333333333333,0.20666666666666667,0.32,0.28
0.1,0.05,150,4,1.2958476467097597,0.9347564868279019,0.9347564868279019,partial_topology_memory,0.42,0.14,0.17333333333333334,0.42,0.26666666666666666
0.1,0.1,150,4,1.3004674507483838,0.9380889710161028,0.9380889710161028,partial_topology_memory,0.37333333333333335,0.1,0.2733333333333333,0.37333333333333335,0.25333333333333335
0.1,0.2,150,4,1.3473682425351068,0.9719207408783384,0.9719207408783384,partial_topology_memory,0.36,0.16666666666666666,0.22,0.36,0.25333333333333335
0.2,0.0,150,1,-0.0,0.0,-0.0,topology_only_memory_survived,1.0,0.0,0.0,0.0,1.0
0.2,0.001,150,4,1.3711046381332945,0.9890429309873804,0.9890429309873804,partial_topology_memory,0.2866666666666667,0.18,0.28,0.2866666666666667,0.25333333333333335
0.2,0.005,150,4,1.3558302225964312,0.9780247692136254,0.9780247692136254,partial_topology_memory,0.34,0.18,0.20666666666666667,0.34,0.2733333333333333
0.2,0.01,150,4,1.3439373875986342,0.9694459021769092,0.9694459021769092,topology_only_memory_survived,0.3333333333333333,0.14666666666666667,0.22666666666666666,0.29333333333333333,0.3333333333333333
0.2,0.025,150,4,1.3270121086389364,0.9572368941664999,0.9572368941664999,partial_topology_memory,0.35333333333333333,0.13333333333333333,0.21333333333333335,0.35333333333333333,0.3
0.2,0.05,150,4,1.3533085353765806,0.9762057563902495,0.9762057563902495,partial_topology_memory,0.32666666666666666,0.15333333333333332,0.25333333333333335,0.32666666666666666,0.26666666666666666
0.2,0.1,150,4,1.3493726187889767,0.9733665927191052,0.9733665927191052,partial_topology_memory,0.3466666666666667,0.16,0.22666666666666666,0.3466666666666667,0.26666666666666666
0.2,0.2,150,4,1.366829888696313,0.9859593510804924,0.9859593510804924,partial_topology_memory,0.32,0.18666666666666668,0.26666666666666666,0.32,0.22666666666666666
